,S_No,Year,Month,Product_ID,Country,Sales
0,79169,2015,11,4,Finland,31268810.859999985
1,79170,2015,12,4,Finland,31268810.859999985
2,79171,2016,1,4,Finland,31268810.859999985
3,79172,2016,2,4,Finland,31268810.859999985
4,79173,2016,3,4,Finland,31268810.859999985
5,79174,2016,4,4,Finland,31268810.859999985
6,79175,2016,5,4,Finland,31268810.859999985
7,79176,2016,6,4,Finland,31268810.859999985
8,79177,2016,7,4,Finland,31268810.859999985
